ticket_id,source_file,original_ticket_id
T-0001,conversations_source_01.xlsx,T-0301
T-0002,conversations_source_01.xlsx,T-0302
T-0003,conversations_source_01.xlsx,T-0303
T-0004,conversations_source_01.xlsx,T-0304
T-0005,conversations_source_01.xlsx,T-0305
T-0006,conversations_source_01.xlsx,T-0306
T-0007,conversations_source_01.xlsx,T-0307
T-0008,conversations_source_01.xlsx,T-0308
T-0009,conversations_source_01.xlsx,T-0309
T-0010,conversations_source_01.xlsx,T-0310
T-0011,conversations_source_01.xlsx,T-0311
T-0012,conversations_source_01.xlsx,T-0312
T-0013,conversations_source_01.xlsx,T-0313
T-0014,conversations_source_01.xlsx,T-0314
T-0015,conversations_source_01.xlsx,T-0315
T-0016,conversations_source_01.xlsx,T-0316
T-0017,conversations_source_01.xlsx,T-0317
T-0018,conversations_source_01.xlsx,T-0318
T-0019,conversations_source_01.xlsx,T-0319
T-0020,conversations_source_01.xlsx,T-0320
T-0021,conversations_source_01.xlsx,T-0321
T-0022,conversations_source_01.xlsx,T-0322
T-0023,conversations_source_01.xlsx,T-0323
T-0024,conversations_source_01.xlsx,T-0324
T-0025,conversations_source_01.xlsx,T-0325
T-0026,conversations_source_01.xlsx,T-0326
T-0027,conversations_source_01.xlsx,T-0327
T-0028,conversations_source_01.xlsx,T-0328
T-0029,conversations_source_01.xlsx,T-0329
T-0030,conversations_source_01.xlsx,T-0330
T-0031,conversations_source_01.xlsx,T-0331
T-0032,conversations_source_01.xlsx,T-0332
T-0033,conversations_source_01.xlsx,T-0333
T-0034,conversations_source_01.xlsx,T-0334
T-0035,conversations_source_01.xlsx,T-0335
T-0036,conversations_source_01.xlsx,T-0336
T-0037,conversations_source_01.xlsx,T-0337
T-0038,conversations_source_01.xlsx,T-0338
T-0039,conversations_source_01.xlsx,T-0339
T-0040,conversations_source_01.xlsx,T-0340
T-0041,conversations_source_01.xlsx,T-0341
T-0042,conversations_source_01.xlsx,T-0342
T-0043,conversations_source_01.xlsx,T-0343
T-0044,conversations_source_01.xlsx,T-0344
T-0045,conversations_source_01.xlsx,T-0345
T-0046,conversations_source_01.xlsx,T-0346
T-0047,conversations_source_01.xlsx,T-0347
T-0048,conversations_source_01.xlsx,T-0348
T-0049,conversations_source_01.xlsx,T-0349
T-0050,conversations_source_01.xlsx,T-0350
T-0051,conversations_source_01.xlsx,T-0351
T-0052,conversations_source_01.xlsx,T-0352
T-0053,conversations_source_01.xlsx,T-0353
T-0054,conversations_source_01.xlsx,T-0354
T-0055,conversations_source_01.xlsx,T-0355
T-0056,conversations_source_01.xlsx,T-0356
T-0057,conversations_source_01.xlsx,T-0357
T-0058,conversations_source_01.xlsx,T-0358
T-0059,conversations_source_01.xlsx,T-0359
T-0060,conversations_source_01.xlsx,T-0360
T-0061,conversations_source_01.xlsx,T-0361
T-0062,conversations_source_01.xlsx,T-0362
T-0063,conversations_source_01.xlsx,T-0363
T-0064,conversations_source_01.xlsx,T-0364
T-0065,conversations_source_01.xlsx,T-0365
T-0066,conversations_source_01.xlsx,T-0366
T-0067,conversations_source_01.xlsx,T-0367
T-0068,conversations_source_01.xlsx,T-0368
T-0069,conversations_source_01.xlsx,T-0369
T-0070,conversations_source_01.xlsx,T-0370
T-0071,conversations_source_01.xlsx,T-0371
T-0072,conversations_source_01.xlsx,T-0372
T-0073,conversations_source_01.xlsx,T-0373
T-0074,conversations_source_01.xlsx,T-0374
T-0075,conversations_source_01.xlsx,T-0375
T-0076,conversations_source_01.xlsx,T-0376
T-0077,conversations_source_01.xlsx,T-0377
T-0078,conversations_source_01.xlsx,T-0378
T-0079,conversations_source_01.xlsx,T-0379
T-0080,conversations_source_01.xlsx,T-0380
T-0081,conversations_source_01.xlsx,T-0381
T-0082,conversations_source_01.xlsx,T-0382
T-0083,conversations_source_01.xlsx,T-0383
T-0084,conversations_source_01.xlsx,T-0384
T-0085,conversations_source_01.xlsx,T-0385
T-0086,conversations_source_01.xlsx,T-0386
T-0087,conversations_source_01.xlsx,T-0387
T-0088,conversations_source_01.xlsx,T-0388
T-0089,conversations_source_01.xlsx,T-0389
T-0090,conversations_source_01.xlsx,T-0390
T-0091,conversations_source_01.xlsx,T-0391
T-0092,conversations_source_01.xlsx,T-0392
T-0093,conversations_source_01.xlsx,T-0393
T-0094,conversations_source_01.xlsx,T-0394
T-0095,conversations_source_01.xlsx,T-0395
T-0096,conversations_source_01.xlsx,T-0396
T-0097,conversations_source_01.xlsx,T-0397
T-0098,conversations_source_01.xlsx,T-0398
T-0099,conversations_source_01.xlsx,T-0399
T-0100,conversations_source_01.xlsx,T-0400
T-0101,conversations_source_02.xlsx,T-0301
T-0102,conversations_source_02.xlsx,T-0302
T-0103,conversations_source_02.xlsx,T-0303
T-0104,conversations_source_02.xlsx,T-0304
T-0105,conversations_source_02.xlsx,T-0305
T-0106,conversations_source_02.xlsx,T-0306
T-0107,conversations_source_02.xlsx,T-0307
T-0108,conversations_source_02.xlsx,T-0308
T-0109,conversations_source_02.xlsx,T-0309
T-0110,conversations_source_02.xlsx,T-0310
T-0111,conversations_source_02.xlsx,T-0311
T-0112,conversations_source_02.xlsx,T-0312
T-0113,conversations_source_02.xlsx,T-0313
T-0114,conversations_source_02.xlsx,T-0314
T-0115,conversations_source_02.xlsx,T-0315
T-0116,conversations_source_02.xlsx,T-0316
T-0117,conversations_source_02.xlsx,T-0317
T-0118,conversations_source_02.xlsx,T-0318
T-0119,conversations_source_02.xlsx,T-0319
T-0120,conversations_source_02.xlsx,T-0320
T-0121,conversations_source_02.xlsx,T-0321
T-0122,conversations_source_02.xlsx,T-0322
T-0123,conversations_source_02.xlsx,T-0323
T-0124,conversations_source_02.xlsx,T-0324
T-0125,conversations_source_02.xlsx,T-0325
T-0126,conversations_source_02.xlsx,T-0326
T-0127,conversations_source_02.xlsx,T-0327
T-0128,conversations_source_02.xlsx,T-0328
T-0129,conversations_source_02.xlsx,T-0329
T-0130,conversations_source_02.xlsx,T-0330
T-0131,conversations_source_02.xlsx,T-0331
T-0132,conversations_source_02.xlsx,T-0332
T-0133,conversations_source_02.xlsx,T-0333
T-0134,conversations_source_02.xlsx,T-0334
T-0135,conversations_source_02.xlsx,T-0335
T-0136,conversations_source_02.xlsx,T-0336
T-0137,conversations_source_02.xlsx,T-0337
T-0138,conversations_source_02.xlsx,T-0338
T-0139,conversations_source_02.xlsx,T-0339
T-0140,conversations_source_02.xlsx,T-0340
T-0141,conversations_source_02.xlsx,T-0341
T-0142,conversations_source_02.xlsx,T-0342
T-0143,conversations_source_02.xlsx,T-0343
T-0144,conversations_source_02.xlsx,T-0344
T-0145,conversations_source_02.xlsx,T-0345
T-0146,conversations_source_02.xlsx,T-0346
T-0147,conversations_source_02.xlsx,T-0347
T-0148,conversations_source_02.xlsx,T-0348
T-0149,conversations_source_02.xlsx,T-0349
T-0150,conversations_source_02.xlsx,T-0350
T-0151,conversations_source_02.xlsx,T-0351
T-0152,conversations_source_02.xlsx,T-0352
T-0153,conversations_source_02.xlsx,T-0353
T-0154,conversations_source_02.xlsx,T-0354
T-0155,conversations_source_02.xlsx,T-0355
T-0156,conversations_source_02.xlsx,T-0356
T-0157,conversations_source_02.xlsx,T-0357
T-0158,conversations_source_02.xlsx,T-0358
T-0159,conversations_source_02.xlsx,T-0359
T-0160,conversations_source_02.xlsx,T-0360
T-0161,conversations_source_02.xlsx,T-0361
T-0162,conversations_source_02.xlsx,T-0362
T-0163,conversations_source_02.xlsx,T-0363
T-0164,conversations_source_02.xlsx,T-0364
T-0165,conversations_source_02.xlsx,T-0365
T-0166,conversations_source_02.xlsx,T-0366
T-0167,conversations_source_02.xlsx,T-0367
T-0168,conversations_source_02.xlsx,T-0368
T-0169,conversations_source_02.xlsx,T-0369
T-0170,conversations_source_02.xlsx,T-0370
T-0171,conversations_source_02.xlsx,T-0371
T-0172,conversations_source_02.xlsx,T-0372
T-0173,conversations_source_02.xlsx,T-0373
T-0174,conversations_source_02.xlsx,T-0374
T-0175,conversations_source_02.xlsx,T-0375
T-0176,conversations_source_02.xlsx,T-0376
T-0177,conversations_source_02.xlsx,T-0377
T-0178,conversations_source_02.xlsx,T-0378
T-0179,conversations_source_02.xlsx,T-0379
T-0180,conversations_source_02.xlsx,T-0380
T-0181,conversations_source_02.xlsx,T-0381
T-0182,conversations_source_02.xlsx,T-0382
T-0183,conversations_source_02.xlsx,T-0383
T-0184,conversations_source_02.xlsx,T-0384
T-0185,conversations_source_02.xlsx,T-0385
T-0186,conversations_source_02.xlsx,T-0386
T-0187,conversations_source_02.xlsx,T-0387
T-0188,conversations_source_02.xlsx,T-0388
T-0189,conversations_source_02.xlsx,T-0389
T-0190,conversations_source_02.xlsx,T-0390
T-0191,conversations_source_02.xlsx,T-0391
T-0192,conversations_source_02.xlsx,T-0392
T-0193,conversations_source_02.xlsx,T-0393
T-0194,conversations_source_02.xlsx,T-0394
T-0195,conversations_source_02.xlsx,T-0395
T-0196,conversations_source_02.xlsx,T-0396
T-0197,conversations_source_02.xlsx,T-0397
T-0198,conversations_source_02.xlsx,T-0398
T-0199,conversations_source_02.xlsx,T-0399
T-0200,conversations_source_02.xlsx,T-0400
